-0.042468,-0.061527,0.038293,-0.039159,-0.032241,0.025032,-0.022711,-0.047638,0.130926,-0.132404389,-0.052812583,0.00431636,-0.024748,-0.035931,0.079811,-0.032067,-0.049922,0.071934,-0.064563,-0.060575,0.156917,-0.062513,-0.040079,0.123953,-0.072501,-0.057361,0.102907,-0.016447,-0.029493,0.035852
-0.052241,-0.086236,0.088258,-0.048733,-0.048492,0.057519,-0.017969,-0.07052,0.21622,-0.129533972,-0.086234667,0.018163667,-0.029803,-0.047067,0.131463,-0.037303,-0.06269,0.117621,-0.076136,-0.081944,0.22914,-0.071741,-0.055096,0.186628,-0.084309,-0.072664,0.151254,-0.039179,-0.049923,0.073376
-0.062353,-0.112693,0.143432,-0.058684,-0.065949,0.093032,-0.012084,-0.095346,0.30981,-0.126663556,-0.11965675,0.108067667,-0.034978,-0.058833,0.18772,-0.042581,-0.075993,0.166831,-0.087833,-0.104683,0.306926,-0.080889,-0.07109,0.254177,-0.096259,-0.088615,0.202633,-0.060068,-0.070686,0.114357
-0.073141,-0.142635,0.208995,-0.069388,-0.085818,0.134597,-0.003928,-0.124022,0.419849,-0.123793139,-0.153078833,0.197971667,-0.040394,-0.071858,0.253162,-0.047945,-0.090368,0.22309,-0.099776,-0.130154,0.39581,-0.089875,-0.089037,0.331462,-0.108492,-0.105859,0.260074,-0.077271,-0.092116,0.162254
-0.084687,-0.176964,0.288079,-0.081051,-0.108925,0.184384,0.007192,-0.157324,0.55,-0.120922722,-0.186500917,0.287875667,-0.04605,-0.08642,0.330415,-0.053386,-0.106167,0.289076,-0.111845,-0.159025,0.498766,-0.098497,-0.109505,0.421494,-0.121088,-0.124931,0.326182,-0.089753,-0.114577,0.219718
-0.096636,-0.21516,0.380317,-0.093427,-0.135107,0.242323,0.021449,-0.194691,0.698614,-0.118052306,-0.219923,0.377779667,-0.051745,-0.102209,0.418766,-0.058723,-0.123133,0.364631,-0.123508,-0.190775,0.614411,-0.10629,-0.132205,0.523404,-0.133759,-0.145697,0.401055,-0.099181,-0.138551,0.286693
-0.10859,-0.25656,0.485009,-0.106198,-0.164043,0.307982,0.039013,-0.235501,0.86379,-0.102867,-0.251268,0.469023,-0.057252,-0.11886,0.517195,-0.063738,-0.140879,0.449005,-0.134189,-0.224772,0.740944,-0.112759,-0.156743,0.635837,-0.146088,-0.16778,0.483887,-0.107789,-0.164538,0.362559
-0.120094,-0.30048,0.601664,-0.119021,-0.195416,0.381007,0.060218,-0.279224,1.043958,-0.108217,-0.285024,0.554909,-0.062286,-0.136083,0.624915,-0.06819,-0.159024,0.541514,-0.143205,-0.260367,0.87676,-0.117314,-0.18272,0.757517,-0.157646,-0.190806,0.573884,-0.117034,-0.1928,0.446806
-0.130655,-0.346215,0.729948,-0.131516,-0.228928,0.461184,0.085449,-0.325364,1.237653,-0.11206,-0.32011,0.648831,-0.066516,-0.153643,0.741324,-0.071766,-0.177199,0.641667,-0.149792,-0.296909,1.020407,-0.119261,-0.209735,0.887263,-0.167921,-0.214398,0.670368,-0.126173,-0.222912,0.539239
-0.139734,-0.392968,0.869307,-0.143294,-0.264274,0.5483,0.114965,-0.373227,1.442185,-0.113958,-0.355572,0.749142,-0.069584,-0.171307,0.865632,-0.074143,-0.195037,0.749005,-0.153183,-0.333671,1.170236,-0.11789,-0.237372,1.023825,-0.17636,-0.238184,0.772726,-0.134081,-0.254327,0.639718
-0.146563,-0.439421,1.017949,-0.153828,-0.300915,0.641652,0.1488,-0.421792,1.652833,-0.113467,-0.390449,0.8542,-0.071007,-0.188846,0.995966,-0.074947,-0.212169,0.862739,-0.152593,-0.369523,1.323502,-0.11239,-0.265031,1.165102,-0.182401,-0.261781,0.880297,-0.139801,-0.286487,0.747777
-0.150294,-0.484079,1.173651,-0.16243,-0.338027,0.739952,0.186916,-0.469981,1.864571,-0.110073,-0.423769,0.962634,-0.070259,-0.206028,1.130081,-0.073685,-0.228221,0.981302,-0.147232,-0.403195,1.477085,-0.101879,-0.291992,1.308442,-0.185381,-0.284715,0.991807,-0.142775,-0.318795,0.862178
-0.150063,-0.525398,1.333823,-0.168401,-0.374757,0.841863,0.228786,-0.516495,2.071365,-0.10321,-0.454556,1.073268,-0.066835,-0.222588,1.265537,-0.069851,-0.24282,1.103007,-0.136403,-0.433374,1.627888,-0.085513,-0.317529,1.45121,-0.184562,-0.306443,1.105538,-0.142502,-0.350651,0.981568
-0.144967,-0.56173,1.495032,-0.171076,-0.410008,0.945837,0.273627,-0.559921,2.266658,-0.092321,-0.481831,1.184933,-0.060279,-0.238172,1.399439,-0.062962,-0.255608,1.226035,-0.119623,-0.458647,1.772881,-0.062637,-0.340869,1.590924,-0.179216,-0.326422,1.219763,-0.138428,-0.38138,1.104309
-0.134107,-0.591432,1.653746,-0.169814,-0.442479,1.050151,0.320337,-0.598916,2.444598,-0.077129,-0.504624,1.296562,-0.050153,-0.252426,1.528854,-0.052595,-0.266264,1.348288,-0.096459,-0.477615,1.90909,-0.032667,-0.361228,1.72515,-0.168821,-0.344112,1.332726,-0.129894,-0.410155,1.228191
-0.116882,-0.613421,1.80685,-0.164034,-0.470879,1.153133,0.367071,-0.632314,2.601015,-0.057631,-0.521974,1.407186,-0.036228,-0.265208,1.651344,-0.038334,-0.27447,1.46764,-0.066955,-0.489625,2.034679,0.004665,-0.378001,1.851882,-0.153067,-0.358974,1.442643,-0.116229,-0.436131,1.350937
-0.09299,-0.627193,1.951661,-0.153727,-0.494074,1.25368,0.41186,-0.659021,2.732147,-0.033843,-0.532928,1.515843,-0.018493,-0.276598,1.764996,-0.019978,-0.280141,1.582282,-0.031648,-0.494797,2.148994,0.048707,-0.39111,1.970324,-0.131662,-0.370476,1.547738,-0.097091,-0.458498,1.470408
-0.062275,-0.632448,2.085744,-0.139206,-0.511014,1.351008,0.452516,-0.678685,2.836513,-0.006025,-0.537032,1.621728,0.00299,-0.286738,1.868092,0.002303,-0.28359,1.690952,0.008821,-0.493441,2.251576,0.098632,-0.400575,2.079908,-0.104819,-0.378326,1.646772,-0.072707,-0.476503,1.584708
-0.025582,-0.630272,2.208405,-0.120825,-0.520871,1.44441,0.486689,-0.691498,2.914323,0.025223,-0.534517,1.724249,0.027652,-0.29614,1.96029,0.028296,-0.28517,1.792448,0.053168,-0.48708,2.343045,0.15303,-0.406804,2.180518,-0.073454,-0.382565,1.739244,-0.043366,-0.489404,1.691972
0.015776,-0.622398,2.319773,-0.099155,-0.52415,1.533625,0.512316,-0.697979,2.96634,0.059277,-0.525668,1.822832,0.05469,-0.305496,2.041895,0.057446,-0.285403,1.886088,0.099807,-0.477803,2.42453,0.209582,-0.410809,2.272744,-0.038533,-0.383263,1.824708,-0.009783,-0.496786,1.790937
0.060311,-0.610579,2.420155,-0.074853,-0.521867,1.618562,0.528327,-0.699722,2.99509,0.095459,-0.511065,1.916969,0.083194,-0.315437,2.113438,0.088697,-0.285053,1.971942,0.147169,-0.467568,2.497156,0.265907,-0.413636,2.357232,-0.001229,-0.380677,1.90296,0.026697,-0.498716,1.881217
0.106001,-0.596605,2.510416,-0.048541,-0.515113,1.699157,0.533897,-0.698546,3.003493,0.132985,-0.491869,2.00628,0.11193,-0.32641,2.176165,0.12095,-0.2849,2.050148,0.193734,-0.457892,2.56204,0.319852,-0.41604,2.434603,0.03688,-0.375433,1.974257,0.064675,-0.495313,1.962503
0.150725,-0.582265,2.591522,-0.020711,-0.505289,1.775448,0.528962,-0.696022,2.994857,0.171063,-0.469303,2.090404,0.139602,-0.338819,2.23146,0.153051,-0.285549,2.121076,0.237998,-0.450195,2.62029,0.369466,-0.418524,2.50545,0.074175,-0.368202,2.038912,0.1026,-0.487175,2.034745
0.192644,-0.568839,2.664168,0.008179,-0.49387,1.847502,0.514247,-0.693473,2.972898,0.2089,-0.444556,2.169026,0.165047,-0.3528,2.280621,0.183779,-0.287384,2.185388,0.278751,-0.445229,2.672803,0.412874,-0.421524,2.570327,0.10919,-0.359615,2.097249,0.138724,-0.475503,2.098216
0.230313,-0.556916,2.728671,0.037682,-0.482057,1.915355,0.490623,-0.692021,2.941232,0.245709,-0.418719,2.241973,0.187284,-0.368121,2.32483,0.21192,-0.290764,2.243761,0.315189,-0.442828,2.720188,0.448759,-0.42501,2.629465,0.140892,-0.350207,2.14963,0.171309,-0.461538,2.153216
0.262373,-0.546989,2.785301,0.067381,-0.470329,1.978964,0.459534,-0.691846,2.902879,0.280703,-0.392866,2.309096,0.205385,-0.384497,2.365226,0.23656,-0.295789,2.296825,0.346576,-0.442728,2.763009,0.476067,-0.428729,2.682945,0.168323,-0.340495,2.196422,0.199108,-0.44644,2.200251
0.288141,-0.539081,2.834161,0.096866,-0.459047,2.038274,0.422602,-0.692822,2.860664,0.313156,-0.367986,2.370259,0.218897,-0.401365,2.402588,0.25711,-0.302277,2.34516,0.372632,-0.444315,2.801595,0.494081,-0.432381,2.73083,0.190689,-0.330928,2.237988,0.221413,-0.431293,2.240046
0.307357,-0.532914,2.87524,0.125765,-0.448425,2.093239,0.381451,-0.69449,2.816998,0.342585,-0.344724,2.42539,0.227659,-0.417988,2.437468,0.273016,-0.310023,2.389333,0.393363,-0.446751,2.836125,0.503418,-0.435484,2.773123,0.207857,-0.321699,2.274673,0.237567,-0.417147,2.273336
0.319861,-0.528168,2.908566,0.153777,-0.43842,2.14383,0.337704,-0.695912,2.773694,0.368566,-0.323642,2.474434,0.23163,-0.433622,2.470354,0.284135,-0.318656,2.429761,0.4088,-0.449215,2.866785,0.505028,-0.437509,2.809809,0.219858,-0.31293,2.306814,0.24743,-0.404588,2.300837
0.325893,-0.524348,2.934325,0.18061,-0.428959,2.190024,0.292938,-0.696131,2.732457,0.390729,-0.305216,2.517353,0.231258,-0.447518,2.501492,0.290702,-0.327652,2.466723,0.419065,-0.45097,2.893803,0.49984,-0.43798,2.840999,0.226774,-0.304709,2.334743,0.251343,-0.393761,2.323247
0.325801,-0.520908,2.952751,0.206017,-0.419886,2.231864,0.248362,-0.694343,2.694537,0.409019,-0.289421,2.554224,0.227122,-0.45893,2.531062,0.292978,-0.336477,2.500489,0.424305,-0.451304,2.917419,0.488744,-0.436529,2.867056,0.228996,-0.296912,2.358751,0.249677,-0.384778,2.341262
0.320022,-0.517269,2.964186,0.229808,-0.410938,2.269481,0.205018,-0.689819,2.660977,0.423496,-0.276051,2.585166,0.219794,-0.467241,2.559248,0.291397,-0.344557,2.5313,0.424691,-0.449615,2.937904,0.472616,-0.432806,2.888378,0.227028,-0.289336,2.379112,0.243006,-0.377427,2.355513
0.309146,-0.512783,2.969175,0.251801,-0.401847,2.303011,0.163784,-0.682015,2.632623,0.43424,-0.264866,2.610314,0.209827,-0.472076,2.586246,0.286532,-0.351284,2.559376,0.420442,-0.445511,2.955594,0.452158,-0.426576,2.905454,0.22137,-0.28177,2.396103,0.232064,-0.371245,2.366581
0.293793,-0.5068,2.968287,0.271887,-0.392299,2.332643,0.125208,-0.670775,2.609921,0.441535,-0.255353,2.629931,0.197766,-0.473105,2.612255,0.278949,-0.356066,2.584941,0.411797,-0.43863,2.970826,0.427872,-0.417741,2.918871,0.212526,-0.273926,2.410003,0.217588,-0.36576,2.375042
0.274741,-0.498793,2.962175,0.290017,-0.381943,2.358601,0.089784,-0.656002,2.593238,0.445762,-0.246854,2.644348,0.184017,-0.470264,2.637501,0.269111,-0.358487,2.608271,0.399257,-0.428783,2.983925,0.40027,-0.406209,2.92922,0.201,-0.265475,2.421089,0.200294,-0.360476,2.381409
0.2529,-0.488336,2.951561,0.306151,-0.370434,2.381118,0.057866,-0.637778,2.582595,0.447304,-0.23872,2.653906,0.168869,-0.463716,2.662237,0.257408,-0.358257,2.629679,0.383542,-0.415929,2.9952,0.370095,-0.391937,2.937013,0.187297,-0.256093,2.429641,0.180888,-0.354882,2.386153
0.229184,-0.475044,2.937157,0.320302,-0.357513,2.400438,0.029717,-0.6163,2.577789,0.446509,-0.230417,2.659044,0.152623,-0.45365,2.686691,0.244227,-0.355106,2.649477,0.365361,-0.400028,3.004934,0.338246,-0.374904,2.942718,0.171933,-0.245495,2.435912,0.160061,-0.348476,2.389733
0.204495,-0.458755,2.919611,0.332511,-0.342967,2.416816,0.005539,-0.591768,2.578498,0.443696,-0.221496,2.660274,0.135673,-0.440365,2.710941,0.229927,-0.348986,2.667956,0.345301,-0.381032,3.013241,0.305606,-0.355109,2.946773,0.155431,-0.233428,2.440141,0.138418,-0.340836,2.392489
0.179726,-0.43939,2.899549,0.342824,-0.326601,2.430506,-0.014634,-0.564368,2.58407,0.439187,-0.211514,2.658108,0.118445,-0.4242,2.73501,0.214853,-0.339975,2.685398,0.323908,-0.358888,3.020173,0.272979,-0.332631,2.949476,0.138314,-0.219641,2.442564,0.116506,-0.331587,2.394696
0.155687,-0.416946,2.877542,0.351316,-0.308318,2.441745,-0.03081,-0.534293,2.593786,0.433254,-0.20015,2.653044,0.101376,-0.405463,2.758847,0.199349,-0.328157,2.702065,0.301954,-0.333688,3.025826,0.241136,-0.307579,2.951078,0.121059,-0.20395,2.443346,0.094862,-0.320384,2.396617
0.132965,-0.391605,2.854035,0.358072,-0.28806,2.450768,-0.043147,-0.501777,2.606858,0.426125,-0.187201,2.645557,0.084934,-0.384383,2.782212,0.18378,-0.313663,2.718068,0.280775,-0.305873,3.03041,0.210765,-0.280084,2.951786,0.1041,-0.186238,2.442585,0.073933,-0.307119,2.398435
0.112109,-0.363577,2.829449,0.363184,-0.265794,2.457798,-0.051945,-0.467101,2.622434,0.418027,-0.172472,2.636126,0.069584,-0.361175,2.80484,0.168515,-0.29664,2.733441,0.261718,-0.275916,3.034131,0.182306,-0.250354,2.951692,0.087865,-0.166392,2.440375,0.05412,-0.2918,2.40029
0.09351,-0.333156,2.804101,0.366787,-0.241595,2.463016,-0.057515,-0.430563,2.639673,0.409175,-0.15586,2.625162,0.055688,-0.336027,2.826435,0.153913,-0.277237,2.748199,0.244012,-0.243731,3.03665,0.156157,-0.218606,2.950867,0.072678,-0.144387,2.436764,0.035803,-0.274393,2.402267
0.077379,-0.300726,2.778195,0.369021,-0.215559,2.466593,-0.060218,-0.392531,2.657773,0.399767,-0.13739,2.612989,0.043489,-0.309101,2.846672,0.140239,-0.255591,2.762211,0.224532,-0.208602,3.03702,0.132588,-0.185091,2.949317,0.058717,-0.12032,2.431734,0.01921,-0.254558,2.404047
0.063903,-0.266673,2.75191,0.370036,-0.187812,2.468682,-0.060424,-0.353396,2.675947,0.390001,-0.117094,2.599922,0.033214,-0.280555,2.865228,0.127719,-0.231833,2.775291,0.200757,-0.17004,3.034513,0.111686,-0.150104,2.946942,0.046148,-0.094297,2.425262,0.004509,-0.231829,2.405143
0.053111,-0.231376,2.725278,0.369995,-0.158543,2.469385,-0.058445,-0.313482,2.69346,0.380055,-0.09505,2.58623,0.024987,-0.250547,2.881792,0.116561,-0.206103,2.787238,0.176372,-0.129762,3.030565,0.093512,-0.113945,2.943635,0.035086,-0.066488,2.417316,-0.008145,-0.206068,2.405243
0.044957,-0.19521,2.698255,0.369064,-0.12795,2.468797,-0.05452,-0.273038,2.709638,0.370063,-0.071409,2.572088,0.018881,-0.219238,2.896061,0.106878,-0.178578,2.797799,0.158197,-0.090596,3.027702,0.078046,-0.076895,2.939209,0.025547,-0.037182,2.407848,-0.018652,-0.17902,2.405023
0.039365,-0.158526,2.670773,0.367394,-0.096227,2.466987,-0.048879,-0.232295,2.723833,0.360155,-0.046336,2.557664,0.01495,-0.186787,2.907748,0.098749,-0.149451,2.8067,0.150628,-0.054406,3.02724,0.065189,-0.03921,2.933415,0.017535,-0.006682,2.396806,-0.026932,-0.153099,2.405509
0.036165,-0.121592,2.642672,0.365118,-0.063558,2.463973,-0.041723,-0.191399,2.735512,0.350447,-0.020005,2.543065,0.013193,-0.153359,2.916609,0.092239,-0.118919,2.813664,0.149741,-0.019751,3.026351,0.054842,-0.001147,2.925999,0.01104,0.024704,2.384132,-0.0329,-0.12994,2.407337
0.035167,-0.084663,2.613775,0.36236,-0.030126,2.459767,-0.033243,-0.150466,2.744189,0.341015,0.00738,2.528241,0.013595,-0.119121,2.922411,0.087361,-0.087216,2.818418,0.14989,0.015496,3.02136,0.04689,0.037075,2.916689,0.006023,0.05666,2.369754,-0.036442,-0.107467,2.409277
0.03616,-0.04795,2.583896,0.359233,0.003908,2.454338,-0.023649,-0.109621,2.749443,0.331929,0.035609,2.513116,0.016081,-0.084241,2.924951,0.084108,-0.054585,2.820681,0.148217,0.052287,3.010384,0.041215,0.075254,2.905205,0.002437,0.088867,2.353596,-0.03744,-0.0825,2.409543
0.038904,-0.011606,2.55284,0.355825,0.038408,2.447605,-0.013186,-0.069008,2.75098,0.323224,0.064492,2.497647,0.020486,-0.048893,2.924064,0.082459,-0.021268,2.820186,0.145976,0.089852,2.994196,0.03769,0.113189,2.891272,0.000222,0.121021,2.335579,-0.035916,-0.052745,2.406657
0.043156,0.024225,2.520413,0.352225,0.073241,2.439478,-0.002104,-0.028773,2.748525,0.314809,0.093921,2.481927,0.026631,-0.013252,2.919591,0.082322,0.012497,2.816706,0.144661,0.127317,2.973723,0.036155,0.150689,2.874654,-0.00073,0.152874,2.315621,-0.03247,-0.019467,2.400398
0.048667,0.059436,2.486444,0.348505,0.108297,2.429818,0.009331,0.010933,2.741903,0.306559,0.123806,2.466081,0.034272,0.022521,2.911388,0.08359,0.046474,2.81002,0.144603,0.164301,2.949202,0.036442,0.187567,2.855119,-0.00054,0.184191,2.293637,-0.027848,0.015181,2.390851
0.055183,0.093944,2.450778,0.344723,0.143485,2.418447,0.020845,0.049958,2.730995,0.298392,0.154056,2.450185,0.043116,0.058271,2.899319,0.086137,0.080432,2.799923,0.145352,0.200757,2.9204,0.038367,0.22364,2.832465,0.000663,0.214749,2.269543,-0.022641,0.04953,2.378065
0.062455,0.127672,2.413268,0.340936,0.178715,2.40518,0.032174,0.088158,2.715706,0.290491,0.184554,2.434005,0.052878,0.093847,2.88325,0.089783,0.114164,2.786252,0.146507,0.236614,2.88713,0.041706,0.258734,2.806555,0.002722,0.244382,2.243255,-0.016937,0.083543,2.361959
0.070252,0.16054,2.373809,0.337178,0.213912,2.389785,0.043091,0.125424,2.69599,0.283127,0.215175,2.4172,0.063291,0.12911,2.863057,0.094333,0.147466,2.768853,0.14798,0.271669,2.849458,0.04623,0.292681,2.777256,0.005468,0.272948,2.214693,-0.010718,0.117525,2.342419
0.078346,0.192471,2.332304,0.333472,0.249012,2.372005,0.053372,0.161649,2.671815,0.276524,0.245787,2.399414,0.074095,0.163926,2.838617,0.099596,0.180144,2.747587,0.14977,0.30568,2.807527,0.051697,0.325328,2.74448,0.008732,0.300308,2.183776,-0.004009,0.151637,2.319352
0.086527,0.223385,2.288676,0.329832,0.283941,2.351581,0.062862,0.196743,2.643175,0.270432,0.276193,2.380177,0.085054,0.19816,2.809815,0.10538,0.212026,2.722353,0.151829,0.338425,2.761464,0.057846,0.356548,2.708189,0.012369,0.326367,2.150426,0.003033,0.185645,2.2927
0.094618,0.253192,2.242869,0.326234,0.318576,2.32823,0.071454,0.230628,2.610085,0.264363,0.306163,2.358963,0.095979,0.231686,2.776547,0.111493,0.242943,2.69306,0.154011,0.369715,2.711369,0.06442,0.386214,2.668349,0.016247,0.351051,2.114564,0.010232,0.219243,2.262415
0.102445,0.281798,2.194835,0.322639,0.352779,2.301661,0.07906,0.263224,2.57257,0.257853,0.335476,2.335258,0.106686,0.264374,2.738713,0.11776,0.272736,2.659628,0.156158,0.399366,2.657341,0.071175,0.414218,2.624969,0.020234,0.374288,2.076115,0.017435,0.252165,2.228465
0.109863,0.309104,2.14455,0.319,0.386386,2.271589,0.085659,0.294446,2.530684,0.25079,0.364008,2.308763,0.117018,0.296079,2.69625,0.124042,0.30127,2.622012,0.158141,0.427207,2.599498,0.077876,0.440461,2.57808,0.02423,0.396014,2.035037,0.024554,0.284243,2.190853
0.116752,0.334997,2.092007,0.315244,0.419144,2.237757,0.091245,0.324202,2.484494,0.243312,0.391714,2.27933,0.126838,0.326643,2.649127,0.130204,0.328409,2.58017,0.159854,0.453076,2.53798,0.084302,0.464848,2.52772,0.02816,0.416174,1.991308,0.031508,0.315323,2.149589
0.122995,0.359365,2.037209,0.311289,0.450776,2.199912,0.095823,0.352383,2.434105,0.235564,0.418546,2.246814,0.136014,0.3559,2.597332,0.136127,0.354026,2.534083,0.161198,0.476816,2.472929,0.090289,0.487287,2.47395,0.03195,0.43471,1.944909,0.03822,0.34522,2.104717
0.128504,0.382078,1.98019,0.307066,0.480961,2.157841,0.099412,0.378857,2.379663,0.227604,0.444408,2.211048,0.144436,0.383648,2.540936,0.141722,0.378001,2.48378,0.162092,0.498312,2.404495,0.095697,0.507693,2.416837,0.03554,0.451547,1.895879,0.044616,0.373695,2.056345
0.133201,0.402997,1.921003,0.302534,0.509255,2.111435,0.102032,0.403484,2.321331,0.219406,0.469156,2.17184,0.152003,0.409667,2.480048,0.146899,0.400217,2.429294,0.162462,0.517461,2.33283,0.100406,0.525987,2.356461,0.03889,0.466586,1.844308,0.050622,0.400499,2.004593
0.137019,0.421981,1.859715,0.297656,0.535198,2.060602,0.103706,0.4261,2.259326,0.210943,0.492644,2.129,0.158623,0.433735,2.414806,0.151579,0.420552,2.370708,0.162246,0.53417,2.2581,0.104362,0.542115,2.292918,0.041958,0.479728,1.790294,0.056168,0.425388,1.949615
0.139915,0.438881,1.796441,0.292409,0.558374,2.005333,0.104457,0.446531,2.193884,0.202195,0.514702,2.08241,0.164221,0.455625,2.34542,0.155694,0.438881,2.308184,0.161406,0.548361,2.180501,0.107522,0.556026,2.226315,0.044704,0.490874,1.73398,0.061189,0.448122,1.891629
0.141851,0.453545,1.731304,0.286793,0.578457,1.945769,0.104315,0.464613,2.125257,0.193152,0.535126,2.032049,0.168728,0.475109,2.272116,0.159176,0.455077,2.241895,0.159906,0.559961,2.100236,0.109858,0.56768,2.156784,0.047085,0.499922,1.675574,0.065618,0.468464,1.830862
0.142802,0.465832,1.66445,0.280808,0.595132,1.882067,0.103317,0.480188,2.053727,0.183806,0.553713,1.977907,0.172098,0.491994,2.195152,0.161964,0.469024,2.172058,0.157724,0.568905,2.017548,0.111368,0.577058,2.084501,0.049063,0.506768,1.615292,0.069402,0.486206,1.767558
0.142755,0.475615,1.596046,0.274424,0.608243,1.814456,0.101503,0.49311,1.979577,0.174161,0.570251,1.920042,0.174312,0.506122,2.114827,0.164009,0.480616,2.098955,0.154849,0.57514,1.932724,0.112049,0.584139,2.009651,0.050601,0.511332,1.553365,0.072495,0.501187,1.701995
0.141701,0.482772,1.526268,0.267575,0.617825,1.743253,0.098927,0.503282,1.903094,0.164246,0.58452,1.858648,0.175359,0.51735,2.031448,0.165261,0.489751,2.022874,0.151272,0.578616,1.84606,0.111903,0.588908,1.93247,0.05167,0.513575,1.490056,0.074858,0.513253,1.634451
0.139658,0.487225,1.455325,0.260194,0.623921,1.668783,0.09565,0.510635,1.824563,0.154093,0.596298,1.793935,0.175268,0.525593,1.945359,0.165692,0.496365,1.94413,0.147,0.57931,1.757895,0.110927,0.59135,1.853242,0.052242,0.513464,1.425632,0.076468,0.522301,1.565207
0.136655,0.48892,1.383445,0.252262,0.626541,1.59144,0.091743,0.515134,1.744267,0.14375,0.605396,1.726151,0.174091,0.530806,1.856925,0.165294,0.500438,1.863066,0.14205,0.577213,1.668592,0.109125,0.591453,1.772256,0.052301,0.51099,1.360358,0.077332,0.5283,1.494544
0.132731,0.487818,1.310868,0.243798,0.625667,1.511674,0.087298,0.516819,1.662483,0.133312,0.611721,1.655642,0.171884,0.53296,1.766526,0.164063,0.501956,1.780029,0.136445,0.57233,1.578524,0.10651,0.589219,1.689847,0.051858,0.506216,1.294489,0.077458,0.531221,1.422741
0.12796,0.48395,1.237863,0.234826,0.621286,1.429941,0.08241,0.515743,1.579485,0.122885,0.615194,1.582772,0.168729,0.53209,1.674579,0.162019,0.500945,1.695382,0.130229,0.564716,1.488087,0.103103,0.584657,1.606371,0.05093,0.499216,1.228276,0.076877,0.531092,1.350093
0.122422,0.477359,1.164709,0.225374,0.613457,1.346753,0.077179,0.512008,1.495562,0.112564,0.615761,1.507916,0.16471,0.528249,1.581514,0.159204,0.497478,1.609502,0.123456,0.554436,1.397688,0.098931,0.577787,1.522185,0.049541,0.490079,1.161971,0.075643,0.527992,1.276905
0.116209,0.468126,1.091699,0.215477,0.602278,1.262652,0.071708,0.50575,1.411009,0.102411,0.613468,1.431491,0.159913,0.521525,1.487782,0.155661,0.49163,1.522769,0.11619,0.541591,1.307733,0.094047,0.568672,1.437658,0.04774,0.478953,1.095812,0.073813,0.522008,1.203486
0.109427,0.456388,1.019149,0.20517,0.58786,1.178182,0.066097,0.49711,1.326136,0.092482,0.608386,1.353922,0.154424,0.512059,1.393872,0.151448,0.48351,1.435578,0.108516,0.526333,1.218632,0.088511,0.557387,1.353159,0.045584,0.466,1.030034,0.071453,0.513267,1.130148
0.102187,0.442293,0.947376,0.194503,0.570388,1.0939,0.060425,0.486246,1.241293,0.082827,0.600592,1.275639,0.148331,0.500001,1.300274,0.146629,0.473253,1.348337,0.100522,0.508824,1.130797,0.082396,0.544023,1.269052,0.04313,0.451388,0.964872,0.068642,0.501934,1.05721
0.094601,0.426038,0.876693,0.183529,0.550076,1.01037,0.054772,0.47332,1.156837,0.073466,0.590214,1.19708,0.141717,0.485541,1.207495,0.14127,0.460998,1.261452,0.092306,0.489273,1.044619,0.075803,0.528712,1.185687,0.040443,0.435307,0.90056,0.065458,0.488179,0.984991
0.086788,0.407856,0.807409,0.172305,0.527154,0.928147,0.0492,0.458497,1.07316,0.064412,0.577394,1.118685,0.134668,0.4689,1.11605,0.135435,0.446904,1.175331,0.083975,0.46792,0.960481,0.068838,0.51159,1.103411,0.037593,0.417956,0.837328,0.06198,0.472211,0.913809
0.078864,0.387992,0.739829,0.160905,0.50192,0.84774,0.043755,0.441942,0.990679,0.055676,0.56228,1.040894,0.127267,0.450305,1.026448,0.129185,0.431146,1.090378,0.075634,0.445013,0.878754,0.061616,0.492811,1.022558,0.034647,0.399535,0.775407,0.058285,0.454268,0.843982
0.070939,0.366739,0.674233,0.149403,0.474687,0.769651,0.038482,0.423829,0.909811,0.047277,0.545043,0.964122,0.119599,0.430014,0.939154,0.122584,0.413904,1.006997,0.067386,0.420826,0.799761,0.054269,0.47255,0.943441,0.031666,0.380241,0.715011,0.05445,0.434592,0.775824
0.063123,0.344408,0.610893,0.137873,0.445787,0.694343,0.03341,0.40435,0.830962,0.039236,0.525871,0.888773,0.111743,0.408299,0.854621,0.115697,0.395374,0.925566,0.059333,0.395641,0.723808,0.046932,0.450983,0.86637,0.028709,0.360278,0.656348,0.050545,0.413445,0.709621
0.055515,0.32131,0.550065,0.126388,0.415593,0.62219,0.028567,0.383708,0.754531,0.031576,0.50495,0.815246,0.103785,0.385439,0.773268,0.108589,0.375766,0.846445,0.051569,0.369735,0.651176,0.03976,0.428287,0.791624,0.025832,0.339842,0.599621,0.046629,0.391106,0.645642
0.0482,0.297759,0.491965,0.115016,0.384488,0.553546,0.023978,0.362114,0.680888,0.024336,0.482467,0.743886,0.095806,0.361742,0.695442,0.101329,0.355292,0.76999,0.044169,0.343378,0.582081,0.032926,0.404643,0.71946,0.023074,0.319116,0.545003,0.042765,0.36785,0.584147
0.041261,0.274067,0.436807,0.103829,0.352858,0.488708,0.01967,0.339792,0.610356,0.017565,0.458611,0.674998,0.087892,0.337515,0.621476,0.093986,0.334171,0.696493,0.037206,0.316832,0.516727,0.026599,0.380229,0.650124,0.020467,0.298265,0.492642,0.038996,0.343938,0.525339
0.034758,0.250517,0.384762,0.092901,0.321099,0.427868,0.015666,0.316966,0.543242,0.011314,0.433571,0.60888,0.080123,0.313056,0.551638,0.086636,0.312626,0.626212,0.030734,0.290338,0.455263,0.020932,0.355221,0.583814,0.018037,0.277455,0.442683,0.035358,0.319622,0.469388
0.028733,0.227359,0.335969,0.082301,0.289607,0.371204,0.011984,0.293847,0.47977,0.005643,0.407549,0.54579,0.072576,0.28865,0.486137,0.079351,0.290879,0.559397,0.024789,0.264109,0.397779,0.016073,0.32979,0.520707,0.015801,0.256832,0.395255,0.031884,0.295148,0.416457
0.023224,0.204835,0.290555,0.072105,0.258754,0.318838,0.008638,0.270637,0.420124,0.000622,0.380763,0.485936,0.065325,0.264581,0.425169,0.072202,0.269132,0.496242,0.019403,0.238355,0.344358,0.012107,0.304125,0.460975,0.013763,0.23652,0.350468,0.028591,0.270741,0.36667
0.01825,0.183133,0.248607,0.062388,0.228878,0.270816,0.005639,0.247533,0.364465,-0.003682,0.35343,0.429526,0.058431,0.241107,0.368873,0.065255,0.24758,0.436915,0.01459,0.213275,0.295046,0.008936,0.278452,0.404771,0.011925,0.216645,0.30843,0.025488,0.246613,0.32013
0.013818,0.162414,0.210194,0.053223,0.200311,0.227175,0.002991,0.224724,0.31291,-0.00726,0.325772,0.376669,0.051946,0.218475,0.317361,0.058574,0.226406,0.381559,0.010356,0.189064,0.249875,0.00643,0.253004,0.352239,0.010284,0.197297,0.269185,0.022581,0.222968,0.276924
0.00993,0.142809,0.175336,0.044647,0.173258,0.187815,0.000696,0.20239,0.265556,-0.010188,0.298018,0.327341,0.045913,0.196905,0.270688,0.052194,0.205728,0.330156,0.006699,0.165893,0.208827,0.004473,0.227962,0.303448,0.008824,0.178526,0.232691,0.019868,0.199943,0.237016
0.006558,0.124355,0.143908,0.03667,0.147823,0.152526,-0.001254,0.180657,0.222355,-0.012545,0.270395,0.281507,0.040349,0.17653,0.228731,0.04614,0.185632,0.282625,0.003591,0.143863,0.171746,0.00297,0.203431,0.258346,0.007528,0.160377,0.198897,0.017341,0.177649,0.20032
0.003674,0.107071,0.115763,0.029303,0.124116,0.121115,-0.002873,0.159611,0.183176,-0.014389,0.243191,0.239234,0.035264,0.157473,0.191343,0.040438,0.166221,0.238921,0.001003,0.123066,0.138454,0.00183,0.179512,0.21688,0.006384,0.142935,0.167835,0.014995,0.156217,0.166783
0.001263,0.091043,0.09087,0.022597,0.102351,0.093566,-0.004169,0.139397,0.147984,-0.01573,0.216801,0.200786,0.030693,0.139958,0.158552,0.035135,0.147679,0.199253,-0.001089,0.103683,0.108926,0.000981,0.156442,0.179209,0.005379,0.126363,0.139686,0.012836,0.135895,0.136554
-0.000671,0.076433,0.069351,0.016627,0.082797,0.06997,-0.005131,0.120307,0.117025,-0.01657,0.191635,0.166445,0.026704,0.12434,0.130608,0.03028,0.130219,0.163916,-0.002697,0.086011,0.083324,0.000368,0.134567,0.145674,0.004504,0.110832,0.11465,0.010878,0.11697,0.10985
-0.002131,0.063367,0.051252,0.01143,0.065606,0.050259,-0.00575,0.10263,0.090527,-0.016951,0.167886,0.1361,0.023345,0.110913,0.107651,0.025895,0.113962,0.132944,-0.003843,0.070289,0.061727,-6.40E-05,0.114166,0.116466,0.003742,0.096383,0.092631,0.009122,0.099612,0.086681
-0.003233,0.05151,0.035766,0.006806,0.05018,0.033386,-0.006095,0.086172,0.067628,-0.017014,0.14515,0.108545,0.020479,0.099235,0.088527,0.021852,0.098595,0.105129,-0.004644,0.05612,0.043197,-0.000374,0.094935,0.090537,0.003057,0.082697,0.072718,0.007511,0.083411,0.066066
-0.004154,0.04026,0.021591,0.00247,0.035637,0.017933,-0.006301,0.070329,0.046542,-0.016918,0.122921,0.082384,0.017861,0.088434,0.071325,0.01798,0.083672,0.078893,-0.005271,0.042729,0.026205,-0.000623,0.076288,0.066249,0.00241,0.069391,0.053857,0.005973,0.06779,0.046728